backend,nominal_beta_percent,wall_s,n_iter,fsqr,fsqz,fsql,fsq_norm,aspect,mean_iota,pressure_scale,max_pressure,wp,wb,beta_proxy,beta_proxy_percent
direct,0.0,1.2344891249667853,19,0.007597162099859503,0.007672716433492197,0.001501614618153104,0.010901481362721947,5.999978259111682,0.39317878617111396,0.0,0.0,0.0,255.65117648803385,0.0,0.0
mgrid,0.0,11.468864292022772,19,0.007597162099859503,0.007672716433492197,0.001501614618153104,0.010901481362721947,5.999978259111682,0.39317878617111396,0.0,0.0,0.0,255.65117648803385,0.0,0.0
direct,0.3333333333333333,1.252596165984869,19,0.007597190921566845,0.007672735629933174,0.0015016161739160776,0.010901515173559593,5.999978259111682,0.3931787657825841,11.487445555459999,1.4435549826218344e-05,0.00010736249343346898,255.65117637600343,4.199569701003985e-07,4.199569701003985e-05
mgrid,0.3333333333333333,1.234426666982472,19,0.007597190921566845,0.007672735629933174,0.0015016161739160776,0.010901515173559593,5.999978259111682,0.3931787657825841,11.487445555459999,1.4435549826218344e-05,0.00010736249343346898,255.65117637600343,4.199569701003985e-07,4.199569701003985e-05
direct,0.6666666666666666,1.2502059580292553,19,0.007597219743439059,0.007672754826447409,0.0015016177297019206,0.01090154898457221,5.999978259111682,0.3931787453940558,22.974891110919998,2.8871099652436688e-05,0.0002147249969496249,255.65117626397705,8.399139800080829e-07,8.399139800080828e-05
mgrid,0.6666666666666666,1.247969291987829,19,0.007597219743439059,0.007672754826447409,0.0015016177297019206,0.01090154898457221,5.999978259111682,0.3931787453940558,22.974891110919998,2.8871099652436688e-05,0.0002147249969496249,255.65117626397705,8.399139800080829e-07,8.399139800080828e-05
direct,1.0,1.2430654580239207,19,0.007597248565489202,0.00767277402303745,0.0015016192855106497,0.010901582795770692,5.999978259111682,0.3931787250055265,34.46233666638,4.330664947865502e-05,0.00032208751055079254,255.65117615195467,1.259871029732127e-06,0.0001259871029732127
mgrid,1.0,1.260357249993831,19,0.007597248565489202,0.00767277402303745,0.0015016192855106497,0.010901582795770692,5.999978259111682,0.3931787250055265,34.46233666638,4.330664947865502e-05,0.00032208751055079254,255.65117615195467,1.259871029732127e-06,0.0001259871029732127
