{
  "backend": "cpu",
  "policy": "direct",
  "qi_qp_preseed": false,
  "max_mode": 1,
  "use_ess": true,
  "success": true,
  "crashed": false,
  "objective_final": 0.05656961831460473,
  "qi_raw_total": 0.055643621470691525,
  "qi_mirror_ratio_max": 0.21297338816835246,
  "qi_mirror_ratio_target": 0.21,
  "qi_mirror_excess_max": 0.0029733881683524643,
  "qi_max_elongation": 7.875032509389166,
  "qi_elongation_target": 8.0,
  "qi_elongation_excess": 0.0,
  "aspect_final": 7.006472489779327,
  "iota_final": 0.4194217930403307,
  "nfev": 40,
  "njev": 25,
  "total_wall_time_s": 65.19051041698549,
  "jax_backend": "cpu",
  "jax_device_kind": "cpu",
  "message": "`xtol` termination condition is satisfied.",
  "output_dir": "/Users/rogeriojorge/local/vmec_jax/examples/optimization/results/qs_ess_sweep/cpu/direct/qi/no_qp_preseed/mode1/ess",
  "selection_score": [
    0,
    0,
    0.05656961831460473,
    0.055643621470691525,
    0.014390151627130553,
    65.19051041698549
  ]
}