case,input_file,output_dir,note,objective_final,qi_smooth_total,qi_legacy_total,qi_mirror_ratio_max,qi_mirror_ratio_target,qi_max_elongation,qi_elongation_target,aspect,target_aspect,mean_iota,qi_nfp,cpu_time_min,published_stage_cpu_time_min,history_segments,history_points,preconditioner_points,selected_lambda,selected_lambda_qi,selected_lambda_mirror,final_wout
NFP=1 QI,examples/data/input.nfp1_QI,results/qi_opt/ess/nfp1_qi_direct_office_20260519,mirror-aware QI lane,0.01559424543420732,0.0014845257664781364,0.0007753679086814676,0.24247920550639324,0.3,6.239107211961145,8.2,9.998624481897423,10.0,0.5368720002046883,1,15.824211793866318,15.824211793866318,1,10,0,,,,results/qi_opt/ess/nfp1_qi_direct_office_20260519/wout_final.nc
NFP=2 bundled QI,examples/data/input.nfp2_QI,results/qi_opt/ess/nfp2_qi,default mirror-aware QI lane,0.011696294386903717,0.0011349029609588252,0.00030939787819665227,0.22460609377735874,0.3,6.427193741498272,8.2,9.999040338533717,10.0,-0.504260088848532,2,14.747537074316643,9.784144272216752,3,32,0,,,,results/qi_opt/ess/nfp2_qi/wout_final.nc
NFP=3 seed 3127,examples/data/input.QI_stel_seed_3127,results/qi_opt/ess/qi_stel_seed_3127_current_public_final,curated reference-family baseline,0.11165924487743864,0.004324104473477227,0.0011559173529826906,0.31562772276760986,0.35,3.908974724385423,8.0,3.4651679576471284,4.0,-1.0365921684324928,3,4.837716960728479,1.388521558760355,2,7,7,1.01,0.0005535379526822985,0.3170306751996437,results/qi_opt/ess/qi_stel_seed_3127_current_public_final/wout_final.nc
NFP=4 minimal seed,examples/data/input.minimal_seed_nfp4,results/qi_opt/ess/minimal_nfp4_to_qi_finite_beta_reference,minimal seed with same-NFP finite-beta QI reference,0.025202287043581646,0.0025647185269620084,0.0002540046584555985,0.28670524068498937,0.35,4.139128905686923,8.2,6.011359624500758,6.0,-1.293030054845664,4,1.1783320333168377,0.374774246517336,2,6,1,1.0,0.0006906891043209739,0.2917288018238745,results/qi_opt/ess/minimal_nfp4_to_qi_finite_beta_reference/wout_final.nc
