{"nfp": 2, "stellsym": true, "order": 5, "dofs_curves": [[[1.2342202093074022, -0.03062945905137559, 0.5859232396336616, -0.010453826682475369, 0.1807413644900858, 0.010524283264586053, -0.021175348387922132, 0.0051393040213452285, -0.025441174813357854, -0.008662235858813448, -0.009546342243353753], [0.22940878352487568, -0.18584333093424768, 0.13771853785494897, 0.11039833778016522, -0.014372204966377944, -0.03925464427392012, -0.001460015434476671, -0.013771456774234823, 0.03183330416809828, 0.0033851663114857376, -0.02301977707844521], [0.03462019954507091, 0.7776849956819668, -0.0045987237680771426, 0.1393689068648977, -0.059898740346820696, -0.037071793804959154, 0.03348836525136044, -0.03179947900814274, -0.009528934246173005, -0.012505654412082531, 0.0036547912728659817]], [[0.9882326369098944, -0.017125138515033757, 0.47248592653894833, 0.09415263846494398, 0.24805658301787445, 0.012478656328766836, -0.00825339351944372, -0.04338202335195167, -0.03283901748400876, -0.012783068290926397, 0.0009483557501863601], [0.5597250604721756, -0.11300669852454369, 0.4729318195953315, 0.04329555872934745, -0.025912809957839067, -0.00801903940993418, 0.005033441551533881, 0.005984482149246342, 0.003395650358859674, -0.0006785647471796169, 0.0035137657330705876], [0.1183741826321684, 0.6526522871030928, -0.08546440888936001, 0.12872030841185422, -0.06399461134209485, 0.008897597261852535, 0.016393591363414183, -0.005551475232563431, 0.024582673862440146, 0.007857160765996891, 0.02801113154496591]], [[0.6456062213465997, -0.026695072324189946, 0.2887688718846646, 0.18986190296430233, 0.18014284064858352, 0.0018632682673255488, -0.03817234422117952, -0.04702323227146416, 0.02294895737145391, -0.0013622023088461891, 0.015495436977844081], [0.8290949425164272, -0.04729467098454378, 0.6182436945259812, 0.07623726908452709, -0.0041675855189795205, -0.02318806621873853, 0.020983206803089818, -0.020581446964001028, -0.006579479768460712, 0.00041097344898501445, 0.010115876636966909], [0.08722314911342346, 0.6027800005898932, -0.03152665631968138, 0.09173977838975904, -0.036700422718936254, 0.016358063388399187, -0.00019255092311576947, 0.010660801629619035, 0.01793542492416056, 0.02149138764562687, 0.005974317080745912]], [[0.2198367022992294, -0.086161018440248, 0.09892081082879264, 0.20560696376050197, 0.05604993215569217, -0.04461662514177469, -0.0029859265578968805, 0.015488224306749128, 0.012282519560304284, -0.010566935703441938, -0.020583782081530798], [0.9557777030768178, -0.004704968398667282, 0.6896395868097475, -0.011144742279336376, 0.00992513930189489, -0.004723252611822423, 0.043494685367776065, 0.014501777121375221, -0.0031145869864486653, 0.0133022020529558, -0.024266306195855125], [0.046985899952392766, 0.5727367597186483, -0.02901578889948077, 0.08143655649218613, -0.0226572063250086, -0.007290254768090654, -0.013583236094360148, -0.011360347813184197, -0.01694307134295157, -0.02050154671659323, -0.02035458103402258]]], "n_segments": 75, "dofs_currents": [100000.0, 99999.99999158102, 99999.99999120792, 99999.9999904831]}